LIBELLE_ARRET_clean,ligne_res,LIBELLE_ARRET
ABBESSES,METRO 12,ABBESSES
ABLON,RER C,ABLON
ACHERESGRANDCORMIER,RER A,ACHERES-GRAND-CORMIER
ACHERESVILLE,RER A,ACHERES-VILLE
ACHERESVILLE,TRAIN L,ACHERES-VILLE
AEROPORTCDG1,CDGVAL,AEROPORT CDG1
AEROPORTCDG1,RER B,AEROPORT CDG1
AEROPORTCHARLESDEGAULLE1,CDGVAL,AEROPORT CHARLES DE GAULLE 1
AEROPORTCHARLESDEGAULLE2TGV,CDGVAL,AEROPORT CHARLES DE GAULLE 2-TGV
AEROPORTCHARLESDEGAULLE2TGV,RER B,AEROPORT CHARLES DE GAULLE 2-TGV
AIMECESAIRE,METRO 12,AIME CESAIRE
ALESIA,METRO 4,ALESIA
ALEXANDREDUMAS,METRO 2,ALEXANDRE DUMAS
ALLEEDELATOURRENDEZVOUS,TRAM 4,ALLEE DE LA TOUR RENDEZ-VOUS
ALMAMARCEAU,METRO 9,ALMA-MARCEAU
ANATOLEFRANCE,METRO 3,ANATOLE FRANCE
ANDRESY,TRAIN J,ANDRESY
ANGERVILLE,TER,ANGERVILLE
ANTONY,ORLYVAL,ANTONY
ANTONY,RER B,ANTONY
ANVERS,METRO 2,ANVERS
ARCUEILCACHAN,RER B,ARCUEIL-CACHAN
ARGENTEUIL,TRAIN J,ARGENTEUIL
ARGENTINE,METRO 1,ARGENTINE
ARPAJON,RER C,ARPAJON
ARTSETMETIERS,METRO 11,ARTS ET METIERS
ASNIERES,TRAIN J,ASNIERES
ASNIERES,TRAIN L,ASNIERES
ASSEMBLEENATIONALE,METRO 12,ASSEMBLEE NATIONALE
ATHISMONS,RER C,ATHIS-MONS
AUBER,RER A,AUBER
AUBERGENVILLEELISABETHVILLE,TRAIN J,AUBERGENVILLE-ELISABETHVILLE
AUBERVILLIERSPANTIN,METRO 7,AUBERVILLIERS-PANTIN (QUATRE CHEMINS)
AULNAYSOUSBOIS,RER B,AULNAY-SOUS-BOIS
AULNAYSOUSBOIS,TRAIN K,AULNAY-SOUS-BOIS
AULNAYSOUSBOIS,TRAM 4,AULNAY-SOUS-BOIS
AUSTERLITZ,METRO 10,AUSTERLITZ
AUSTERLITZ,METRO 5,AUSTERLITZ
AUSTERLITZ,RER C,AUSTERLITZ
AUVERSSUROISE,TRAIN H,AUVERS-SUR-OISE
AVENUEDUPRESIDENTKENNEDY,RER C,AVENUE DU PRESIDENT KENNEDY
AVENUEEMILEZOLA,METRO 10,AVENUE EMILE ZOLA
AVENUEFOCH,RER C,AVENUE FOCH
AVENUEHENRIMARTIN,RER C,AVENUE HENRI MARTIN
AVRON,METRO 2,AVRON
BAGNEUX,RER B,BAGNEUX
BAGNEUXSURLOING,TRAIN R,BAGNEUX-SUR-LOING
BALARD,METRO 8,BALARD
BALARD,TRAM 3a,BALARD
BALLANCOURT,RER D,BALLANCOURT
BARBARA,METRO 4,BARBARA
BARBESROCHECHOUART,METRO 2,BARBES-ROCHECHOUART
BARBESROCHECHOUART,METRO 4,BARBES-ROCHECHOUART
BASILIQUEDESAINTDENIS,METRO 13,BASILIQUE DE SAINT-DENIS
BASILIQUEDESAINTDENIS,TRAM 1,BASILIQUE DE SAINT-DENIS
BASTILLE,METRO 1,BASTILLE
BASTILLE,METRO 5,BASTILLE
BASTILLE,METRO 8,BASTILLE
BECONLESBRUYERES,TRAIN L,BECON-LES-BRUYERES
BELAIR,METRO 6,BEL-AIR
BELLEVILLE,METRO 11,BELLEVILLE
BELLEVILLE,METRO 2,BELLEVILLE
BELLEVUE,TRAIN N,BELLEVUE
BELLOYSAINTMARTIN,TRAIN H,BELLOY-SAINT-MARTIN
BERAULT,METRO 1,BERAULT
BERCY,METRO 14,BERCY
BERCY,METRO 6,BERCY
BESSANCOURT,TRAIN H,BESSANCOURT
BEYNES,TRAIN N,BEYNES
BIBLIOTHEQUEFRANCOISMITTERRAND,METRO 14,BIBLIOTHEQUE FRANCOIS MITTERRAND
BIBLIOTHEQUEFRANCOISMITTERRAND,RER C,BIBLIOTHEQUE FRANCOIS MITTERRAND
BIEVRES,TRAIN V,BIEVRES
BILLANCOURT,METRO 9,BILLANCOURT
BIRHAKEIM,METRO 6,BIR-HAKEIM (GRENELLE)
BLANCHE,METRO 2,BLANCHE
BLANCMESNIL,RER B,BLANC-MESNIL
BOBIGNYPABLOPICASSO,METRO 5,BOBIGNY-PABLO PICASSO
BOBIGNYPABLOPICASSO,TRAM 1,BOBIGNY-PABLO PICASSO
BOBIGNYPANTIN,METRO 5,BOBIGNY-PANTIN (RAYMOND QUENEAU)
BOIGNEVILLE,RER D,BOIGNEVILLE
BOISCOLOMBES,TRAIN J,BOIS-COLOMBES
BOISLEROI,TRAIN R,BOIS-LE-ROI
BOISSIERE,METRO 6,BOISSIERE
BOISSISELEROI,RER D,BOISSISE-LE-ROI
BOISSYL'AILLERIE,TRAIN J,BOISSY-L'AILLERIE
BOISSYSAINTLEGER,RER A,BOISSY-SAINT-LEGER
BOLIVAR,METRO 7bis,BOLIVAR
BONDY,RER E,BONDY
BONDY,TRAM 4,BONDY
BONNENOUVELLE,METRO 8,BONNE NOUVELLE
BONNENOUVELLE,METRO 9,BONNE NOUVELLE
BONNIERES,TRAIN J,BONNIERES
BOTZARIS,METRO 7bis,BOTZARIS
BOUCICAUT,METRO 8,BOUCICAUT
BOUFFEMONTMOISSELLES,TRAIN H,BOUFFEMONT-MOISSELLES
BOUGIVAL,TRAIN L,BOUGIVAL
BOULAINVILLIERS,RER C,BOULAINVILLIERS
BOULOGNEJEANJAURES,METRO 10,BOULOGNE-JEAN JAURES
BOULOGNEPONTDESAINTCLOUD,METRO 10,BOULOGNE-PONT DE SAINT CLOUD
BOURAY,RER C,BOURAY
BOURGLAREINE,RER B,BOURG-LA-REINE
BOURRONMARLOTTEGREZ,TRAIN R,BOURRON-MARLOTTE-GREZ
BOURSE,METRO 3,BOURSE
BOUSSYSAINTANTOINE,RER D,BOUSSY-SAINT-ANTOINE
BOUTIGNY,RER D,BOUTIGNY
BOUTIGNYSURESSONNE,RER D,BOUTIGNY-SUR-ESSONNE
BREGUETSABIN,METRO 5,BREGUET-SABIN
BRETIGNY,RER C,BRETIGNY
BREUILLETBRUYERESLECHATEL,RER C,BREUILLET-BRUYERES-LE-CHATEL
BREUILLETVILLAGE,RER C,BREUILLET-VILLAGE
BREVAL,TER,BREVAL
BROCHANT,METRO 13,BROCHANT
BRUNOY,RER D,BRUNOY
BRUYERESSUROISE,TRAIN H,BRUYERES-SUR-OISE
BRYSURMARNE,RER A,BRY-SUR-MARNE
BUNOGIRONVILLE,RER D,BUNO-GIRONVILLE
BURESSURYVETTE,RER B,BURES-SUR-YVETTE
BUSSYSAINTGEORGES,RER A,BUSSY-SAINT-GEORGES
BUTTESCHAUMONT,METRO 7bis,BUTTES-CHAUMONT
BUZENVAL,METRO 9,BUZENVAL
CADET,METRO 7,CADET
CAMBRONNE,METRO 6,CAMBRONNE
CAMPOFORMIO,METRO 5,CAMPO-FORMIO
CARDINALLEMOINE,METRO 10,CARDINAL-LEMOINE
CARREFOURPLEYEL,METRO 13,CARREFOUR PLEYEL
CENSIERDAUBENTON,METRO 7,CENSIER-DAUBENTON
CERGYLEHAUT,RER A,CERGY LE HAUT
CERGYLEHAUT,TRAIN L,CERGY LE HAUT
CERGYPREFECTURE,RER A,CERGY-PREFECTURE
CERGYPREFECTURE,TRAIN L,CERGY-PREFECTURE
CERGYSAINTCHRISTOPHE,RER A,CERGY-SAINT-CHRISTOPHE
CERGYSAINTCHRISTOPHE,TRAIN L,CERGY-SAINT-CHRISTOPHE
CERNAY,RER C,CERNAY
CERNAY,TRAIN H,CERNAY
CESSON,RER D,CESSON
CHAMARANDE,RER C,CHAMARANDE
CHAMPAGNESUROISE,TRAIN H,CHAMPAGNE-SUR-OISE
CHAMPAGNESURSEINE,TRAIN R,CHAMPAGNE-SUR-SEINE
CHAMPBENOISTPOIGNY,TRAIN P,CHAMPBENOIST-POIGNY
CHAMPDECOURSESD'ENGHIEN,TRAIN H,CHAMP DE COURSES D'ENGHIEN
CHAMPDEMARSTOUREIFFEL,RER C,CHAMP DE MARS-TOUR EIFFEL
CHAMPIGNY,RER A,CHAMPIGNY
CHAMPSELYSEESCLEMENCEAU,METRO 1,CHAMPS-ELYSEES-CLEMENCEAU
CHAMPSELYSEESCLEMENCEAU,METRO 13,CHAMPS-ELYSEES-CLEMENCEAU
CHANGISSAINTJEAN,TRAIN P,CHANGIS-SAINT-JEAN
CHANTELOUPLESVIGNES,TRAIN J,CHANTELOUP-LES-VIGNES
CHAPONVAL,TRAIN H,CHAPONVAL
CHARDONLAGACHE,METRO 10,CHARDON-LAGACHE
CHARENTONECOLES,METRO 8,CHARENTON-ECOLES
CHARLESDEGAULLEETOILE,METRO 1,CHARLES DE GAULLE ETOILE
CHARLESDEGAULLEETOILE,METRO 2,CHARLES DE GAULLE ETOILE
CHARLESDEGAULLEETOILE,METRO 6,CHARLES DE GAULLE ETOILE
CHARLESDEGAULLEETOILE,RER A,CHARLES DE GAULLE ETOILE
CHARLESMICHELS,METRO 10,CHARLES MICHELS
CHARONNE,METRO 9,CHARONNE
CHARS,TRAIN J,CHARS
CHARTRETTES,TRAIN R,CHARTRETTES
CHATEAUD'EAU,METRO 4,CHATEAU D'EAU
CHATEAUDEVINCENNES,METRO 1,CHATEAU DE VINCENNES
CHATEAULANDON,METRO 7,CHATEAU-LANDON
CHATEAUROUGE,METRO 4,CHATEAU ROUGE
CHATELET,METRO 1,CHATELET
CHATELET,METRO 11,CHATELET
CHATELET,METRO 14,CHATELET
CHATELET,METRO 4,CHATELET
CHATELET,METRO 7,CHATELET
CHATELETLESHALLES,RER A,CHATELET-LES HALLES
CHATELETLESHALLES,RER B,CHATELET-LES HALLES
CHATELETLESHALLES,RER D,CHATELET-LES HALLES
CHATILLONMONTROUGE,METRO 13,CHATILLON-MONTROUGE
CHATILLONMONTROUGE,TRAM 6,CHATILLON-MONTROUGE
CHATOUCROISSY,RER A,CHATOU-CROISSY
CHAUSSEED'ANTIN,METRO 7,CHAUSSEE D'ANTIN (LA FAYETTE)
CHAUSSEED'ANTIN,METRO 9,CHAUSSEE D'ANTIN (LA FAYETTE)
CHAVILLERIVEDROITE,TRAIN L,CHAVILLE RIVE DROITE
CHAVILLERIVEDROITE,TRAIN U,CHAVILLE RIVE DROITE
CHAVILLERIVEGAUCHE,TRAIN N,CHAVILLE RIVE GAUCHE
CHAVILLEVELIZY,RER C,CHAVILLE-VELIZY
CHELLESGOURNAY,RER E,CHELLES-GOURNAY
CHELLESGOURNAY,TRAIN P,CHELLES-GOURNAY
CHEMIND'ANTONY,RER C,CHEMIN D'ANTONY
CHEMINVERT,METRO 8,CHEMIN VERT
CHENAYGAGNY,RER E,CHENAY-GAGNY
CHESSYMARNELAVALLEE,RER A,CHESSY - MARNE-LA-VALLEE
CHEVALERET,METRO 6,CHEVALERET
CHILLYMAZARIN,TRAM 12,CHILLY-MAZARIN
CHOISYLEROI,RER C,CHOISY-LE-ROI
CITE,METRO 4,CITE
CITEUNIVERSITAIRE,RER B,CITE UNIVERSITAIRE
CITEUNIVERSITAIRE,TRAM 3a,CITE UNIVERSITAIRE
CLAMART,TRAIN N,CLAMART
CLICHYLEVALLOIS,TRAIN L,CLICHY-LEVALLOIS
COIGNIERES,TRAIN N,COIGNIERES
COLOMBES,TRAIN J,COLOMBES
COLONELFABIEN,METRO 2,COLONEL FABIEN
COMBSLAVILLEQUINCY,RER D,COMBS-LA-VILLE-QUINCY
COMMERCE,METRO 8,COMMERCE
COMPANS,TRAIN K,COMPANS
CONCORDE,METRO 1,CONCORDE
CONCORDE,METRO 12,CONCORDE
CONCORDE,METRO 8,CONCORDE
CONFLANSFIND'OISE,RER A,CONFLANS-FIN-D'OISE
CONFLANSFIND'OISE,TRAIN J,CONFLANS-FIN-D'OISE
CONFLANSFIND'OISE,TRAIN L,CONFLANS-FIN-D'OISE
CONFLANSSAINTEHONORINE,TRAIN J,CONFLANS-SAINTE-HONORINE
CONVENTION,METRO 12,CONVENTION
CORBEILESSONNES,RER D,CORBEIL-ESSONNES
CORENTINCARIOU,METRO 7,CORENTIN CARIOU
CORENTINCELTON,METRO 12,CORENTIN-CELTON
CORMEILLESENPARISIS,TRAIN J,CORMEILLES-EN-PARISIS
CORVISART,METRO 6,CORVISART
COUDRAYMONTCEAUX,RER D,COUDRAY-MONTCEAUX
COUILLYSAINTGERMAINQUINCY,TRAM 14,COUILLY-SAINT-GERMAIN-QUINCY
COULOMMIERS,TRAIN P,COULOMMIERS
COURBEVOIE,TRAIN L,COURBEVOIE
COURCELLES,METRO 2,COURCELLES
COURCELLESURYVETTE,RER B,COURCELLE-SUR-YVETTE
COURONNES,METRO 2,COURONNES
COURSAINTEMILION,METRO 14,COUR SAINT-EMILION
CRECYENBRIELACHAPELLE,TRAM 14,CRECY-EN-BRIE-LA-CHAPELLE
CRETEILL'ECHAT,METRO 8,CRETEIL-L'ECHAT (HOPITAL MONDOR)
CRETEILP.LAC,METRO 8,CRETEIL-P. LAC
CRETEILPOMP,RER D,CRETEIL POMP
CRETEILPREFECTURE,METRO 8,CRETEIL-PREFECTURE (HOTEL DE VILLE)
CRETEILUNIVERSITE,METRO 8,CRETEIL-UNIVERSITE
CRIMEE,METRO 7,CRIMEE
CROIXDECHAVAUX,METRO 9,CROIX DE CHAVAUX (JACQUES DUCLOS)
CROUYSUROURCQ,TRAIN P,CROUY-SUR-OURCQ
DAMMARTINJUILLYSAINTMARD,TRAIN K,DAMMARTIN-JUILLY-SAINT-MARD
DANUBE,METRO 7bis,DANUBE
DAUMESNIL,METRO 6,DAUMESNIL
DAUMESNIL,METRO 8,DAUMESNIL
DENFERTROCHEREAU,METRO 4,DENFERT-ROCHEREAU
DENFERTROCHEREAU,METRO 6,DENFERT-ROCHEREAU
DENFERTROCHEREAU,RER B,DENFERT-ROCHEREAU
DEUILMONTMAGNY,TRAIN H,DEUIL-MONTMAGNY
DOMONT,TRAIN H,DOMONT
DOURDAN,RER C,DOURDAN
DOURDANLAFORET,RER C,DOURDAN-LA-FORET
DRANCY,RER B,DRANCY
DUGOMMIER,METRO 6,DUGOMMIER
DUPLEIX,METRO 6,DUPLEIX
DUROC,METRO 10,DUROC
DUROC,METRO 13,DUROC
ECOLEMILITAIRE,METRO 8,ECOLE MILITAIRE
ECOLEVETERINAIREDEMAISONSALFORT,METRO 8,ECOLE VETERINAIRE DE MAISONS-ALFORT
ECOUENEZANVILLE,TRAIN H,ECOUEN-EZANVILLE
EDGARQUINET,METRO 6,EDGAR QUINET
EGLISED'AUTEUIL,METRO 10,EGLISE D'AUTEUIL
EGLISEDEPANTIN,METRO 5,EGLISE DE PANTIN
EGLY,RER C,EGLY
EMERAINVILLEPONTAULTCOMBAULT,RER E,EMERAINVILLE-PONTAULT-COMBAULT
ENGHIENLESBAINS,TRAIN H,ENGHIEN-LES-BAINS
EPINAYSURORGE,RER C,EPINAY-SUR-ORGE
EPINAYSURORGE,TRAM 12,EPINAY-SUR-ORGE
EPINAYSURSEINE,RER C,EPINAY-SUR-SEINE
EPINAYSURSEINE,TRAM 11,EPINAY-SUR-SEINE
EPINAYSURSEINE,TRAM 8,EPINAY-SUR-SEINE
EPINAYVILLETANEUSE,TRAIN H,EPINAY-VILLETANEUSE
EPINAYVILLETANEUSE,TRAM 11,EPINAY-VILLETANEUSE
EPLUCHES,TRAIN H,EPLUCHES
EPONEMEZIERES,TRAIN J,EPONE-MEZIERES
EPONEMEZIERES,TRAIN N,EPONE-MEZIERES
ERAGNYNEUVILLE,TRAIN J,ERAGNY-NEUVILLE
ERMONTEAUBONNE,RER C,ERMONT-EAUBONNE
ERMONTEAUBONNE,TRAIN H,ERMONT-EAUBONNE
ERMONTEAUBONNE,TRAIN J,ERMONT-EAUBONNE
ERMONTHALTE,TRAIN H,ERMONT-HALTE
ESBLY,TRAIN P,ESBLY
ESBLY,TRAM 14,ESBLY
ESPLANADEDELADEFENSE,METRO 1,ESPLANADE DE LA DEFENSE
ESSONNESROBINSON,RER D,ESSONNES-ROBINSON
ETAMPES,RER C,ETAMPES
ETIENNEMARCEL,METRO 4,ETIENNE-MARCEL
ETRECHY,RER C,ETRECHY
EUROPE,METRO 3,EUROPE
EVRY,RER D,EVRY
EVRYCOURCOURONNES,RER D,EVRY-COURCOURONNES
EVRYCOURCOURONNES,TRAM 12,EVRY-COURCOURONNES
EXELMANS,METRO 9,EXELMANS
FAIDHERBECHALIGNY,METRO 8,FAIDHERBE-CHALIGNY
FALGUIERE,METRO 12,FALGUIERE
FAREMOUTIERSPOMMEUSE,TRAIN P,FAREMOUTIERS-POMMEUSE
FELIXFAURE,METRO 8,FELIX FAURE
FILLESDUCALVAIRE,METRO 8,FILLES DU CALVAIRE
FONTAINEBLEAUAVON,TRAIN R,FONTAINEBLEAU-AVON
FONTAINELEPORT,TRAIN R,FONTAINE-LE-PORT
FONTAINEMICHALON,RER B,FONTAINE-MICHALON
FONTENAYAUXROSES,RER B,FONTENAY-AUX-ROSES
FONTENAYLEFLEURY,TRAIN N,FONTENAY-LE-FLEURY
FONTENAYSOUSBOIS,RER A,FONTENAY-SOUS-BOIS
FORTD'AUBERVILLIERS,METRO 7,FORT D'AUBERVILLIERS
FR.POPULAIRE,METRO 12,FR. POPULAIRE
FRANCONVILLELEPLESSISBOUCHARD,RER C,FRANCONVILLE-LE-PLESSIS-BOUCHARD
FRANCONVILLELEPLESSISBOUCHARD,TRAIN H,FRANCONVILLE-LE-PLESSIS-BOUCHARD
FRANKLIND.ROOSEVELT,METRO 1,FRANKLIN-D.ROOSEVELT
FRANKLIND.ROOSEVELT,METRO 9,FRANKLIN-D.ROOSEVELT
FRATERNELLE,RER C,FRATERNELLE
FRATERNELLE,TRAM 7,FRATERNELLE
FREINVILLESEVRAN,TRAM 4,FREINVILLE-SEVRAN
FREPILLON,TRAIN H,FREPILLON
GABRIELPERI,METRO 13,GABRIEL PERI
GABRIELPERIASNIERESGENNEVILLIERS,METRO 13,GABRIEL PERI-ASNIERES-GENNEVILLIERS
GAGNY,RER E,GAGNY
GAITE,METRO 13,GAITE
GALLIENI,METRO 3,GALLIENI (PARC DE BAGNOLET)
GAMBETTA,METRO 3,GAMBETTA
GAMBETTA,METRO 3bis,GAMBETTA
GARANCIERESLAQUEUE,TRAIN N,GARANCIERES-LA QUEUE
GARCHESMARNESLACOQUETTE,TRAIN L,GARCHES-MARNES-LA-COQUETTE
GAREDEGENNEVILLIERS,RER C,GARE DE GENNEVILLIERS
GAREDEGENNEVILLIERS,TRAM 1,GARE DE GENNEVILLIERS
GAREDEL'EST,METRO 4,GARE DE L'EST
GAREDEL'EST,METRO 5,GARE DE L'EST
GAREDEL'EST,METRO 7,GARE DE L'EST
GAREDEL'EST,TRAIN P,GARE DE L'EST
GAREDELYON,METRO 1,GARE DE LYON
GAREDELYON,METRO 14,GARE DE LYON
GAREDELYON,RER A,GARE DE LYON
GAREDELYON,RER D,GARE DE LYON
GAREDELYON,TRAIN R,GARE DE LYON
GAREDUNORD,METRO 4,GARE DU NORD
GAREDUNORD,METRO 5,GARE DU NORD
GAREDUNORD,RER B,GARE DU NORD
GAREDUNORD,RER D,GARE DU NORD
GAREDUNORD,TRAIN H,GARE DU NORD
GAREDUNORD,TRAIN K,GARE DU NORD
GARGAN,TRAM 4,GARGAN
GARGENVILLE,TRAIN J,GARGENVILLE
GARGESSARCELLES,RER D,GARGES-SARCELLES
GARGESSARCELLES,TRAM 5,GARGES-SARCELLES
GARIBALDI,METRO 13,GARIBALDI
GAZERAN,TER,GAZERAN
GENNEVILLIERS,RER C,GENNEVILLIERS
GENNEVILLIERS,TRAM 1,GENNEVILLIERS
GENTILLY,RER B,GENTILLY
GEORGEV,METRO 1,GEORGE V
GIFSURYVETTE,RER B,GIF-SUR-YVETTE
GLACIERE,METRO 6,GLACIERE
GONCOURT,METRO 11,GONCOURT (HOPITAL SAINT-LOUIS)
GOUSSAINVILLE,RER D,GOUSSAINVILLE
GRANDBOURG,RER D,GRAND-BOURG
GRANDSBOULEVARDS,METRO 8,GRANDS BOULEVARDS (RUE MONTMARTRE)
GRANDSBOULEVARDS,METRO 9,GRANDS BOULEVARDS (RUE MONTMARTRE)
GRAVIGNYBALIZY,TRAM 12,GRAVIGNY-BALIZY
GRETZARMAINVILLIERS,RER E,GRETZ-ARMAINVILLIERS
GRIGNYCENTRE,RER D,GRIGNY-CENTRE
GROSLAY,TRAIN H,GROSLAY
GROSNOYERSAINTPRIX,TRAIN H,GROS-NOYER-SAINT-PRIX
GUERARDLACELLESURMORIN,TRAIN P,GUERARD-LA-CELLE-SUR-MORIN
GUILLERVAL,TER,GUILLERVAL
GUYMOQUET,METRO 13,GUY MOQUET
HAUSSMANNSAINTLAZARE,METRO 3,HAUSSMANN-SAINT-LAZARE
HAUSSMANNSAINTLAZARE,METRO 9,HAUSSMANN-SAINT-LAZARE
HAVRECAUMARTIN,METRO 3,HAVRE-CAUMARTIN
HAVRECAUMARTIN,METRO 9,HAVRE-CAUMARTIN
HERBLAY,TRAIN J,HERBLAY
HERICY,TRAIN R,HERICY
HOCHE,METRO 5,HOCHE
HOTELDEVILLE,METRO 1,HOTEL DE VILLE
HOTELDEVILLE,METRO 11,HOTEL DE VILLE
HOUDAN,TRAIN N,HOUDAN
HOUILLESCARRIERESSURSEINE,RER A,HOUILLES-CARRIERES-SUR-SEINE
HOUILLESCARRIERESSURSEINE,TRAIN J,HOUILLES-CARRIERES-SUR-SEINE
HOUILLESCARRIERESSURSEINE,TRAIN L,HOUILLES-CARRIERES-SUR-SEINE
IENA,METRO 9,IENA
IGNY,TRAIN V,IGNY
INVALIDES,METRO 13,INVALIDES
INVALIDES,METRO 8,INVALIDES
INVALIDES,RER C,INVALIDES
ISLESARMENTIERESCONGIS,TRAIN P,ISLES-ARMENTIERES-CONGIS
ISSOUPORCHEVILLE,TRAIN J,ISSOU-PORCHEVILLE
ISSY,RER C,ISSY
ISSYVALDESEINE,RER C,ISSY-VAL DE SEINE
ISSYVALDESEINE,TRAM 2,ISSY-VAL DE SEINE
IVRYSURSEINE,RER C,IVRY-SUR-SEINE
JACQUESBONSERGENT,METRO 5,JACQUES BONSERGENT
JASMIN,METRO 9,JASMIN
JAURES,METRO 2,JAURES
JAURES,METRO 5,JAURES
JAURES,METRO 7bis,JAURES
JAVEL,METRO 10,JAVEL
JAVEL,RER C,JAVEL
JOINVILLELEPONT,RER A,JOINVILLE-LE-PONT
JOURDAIN,METRO 11,JOURDAIN
JOUYENJOSAS,TRAIN V,JOUY-EN-JOSAS
JULESJOFFRIN,METRO 12,JULES JOFFRIN
JUSSIEU,METRO 10,JUSSIEU
JUSSIEU,METRO 7,JUSSIEU
JUVISY,RER C,JUVISY
JUVISY,RER D,JUVISY
JUZIERS,TRAIN J,JUZIERS
KLEBER,METRO 6,KLEBER
L'ABBAYE,TRAM 4,L'ABBAYE
L'ETANGLAVILLE,TRAIN L,L'ETANG-LA-VILLE
L'ISLEADAMPARMAIN,TRAIN H,L'ISLE-ADAM-PARMAIN
LABARREORMESSON,TRAIN H,LA BARRE-ORMESSON
LACELLESAINTCLOUD,TRAIN L,LA CELLE-SAINT-CLOUD
LACHAPELLE,METRO 2,LA CHAPELLE
LACOURNEUVE8MAI1945,METRO 7,LA COURNEUVE 8 MAI 1945
LACOURNEUVE8MAI1945,TRAM 1,LA COURNEUVE 8 MAI 1945
LACOURNEUVEAUBERVILLIERS,RER B,LA COURNEUVE-AUBERVILLIERS
LACROIXDEBERNYFRESNES,RER B,LA CROIX-DE-BERNY-FRESNES
LACROIXDEBERNYFRESNES,TRAM 10,LA CROIX-DE-BERNY-FRESNES
LADEFENSE,METRO 1,LA DEFENSE
LADEFENSE,RER A,LA DEFENSE
LADEFENSE,RER E,LA DEFENSE
LADEFENSE,TRAIN L,LA DEFENSE
LADEFENSE,TRAIN U,LA DEFENSE
LADEFENSE,TRAM 2,LA DEFENSE
LADEFENSEGRANDEARCHE,METRO 1,LA DEFENSE-GRANDE ARCHE
LADEFENSEGRANDEARCHE,RER A,LA DEFENSE-GRANDE ARCHE
LADEFENSEGRANDEARCHE,RER E,LA DEFENSE-GRANDE ARCHE
LADEFENSEGRANDEARCHE,TRAIN L,LA DEFENSE-GRANDE ARCHE
LADEFENSEGRANDEARCHE,TRAIN U,LA DEFENSE-GRANDE ARCHE
LADEFENSEGRANDEARCHE,TRAM 2,LA DEFENSE-GRANDE ARCHE
LAFERTEALAIS,RER D,LA FERTE-ALAIS
LAFERTESOUSJOUARRE,TRAIN P,LA FERTE-SOUS-JOUARRE
LAFOURCHE,METRO 13,LA FOURCHE
LAFRETTEMONTIGNY,TRAIN J,LA FRETTE-MONTIGNY
LAGARENNECOLOMBES,TRAIN L,LA GARENNE-COLOMBES
LAGNYTHORIGNY,TRAIN P,LAGNY-THORIGNY
LAGRANDEPAROISSE,TRAIN R,LA GRANDE PAROISSE
LAHACQUINIERE,RER B,LA HACQUINIERE
LAMARCKCAULAINCOURT,METRO 12,LAMARCK-CAULAINCOURT
LAMOTTEPICQUETGRENELLE,METRO 10,LA MOTTE-PICQUET-GRENELLE
LAMOTTEPICQUETGRENELLE,METRO 6,LA MOTTE-PICQUET-GRENELLE
LAMOTTEPICQUETGRENELLE,METRO 8,LA MOTTE-PICQUET-GRENELLE
LAMUETTE,METRO 9,LA MUETTE
LANORVILLESAINTGERMAINLESARPAJON,RER C,LA NORVILLE-SAINT-GERMAIN-LES-ARPAJON
LAPLACE,RER B,LAPLACE
LAPLAINESTADEDEFRANCE,RER B,LA PLAINE-STADE DE FRANCE
LARDY,RER C,LARDY
LAREMISEAJORELLE,TRAM 4,LA REMISE A JORELLE
LATOURMAUBOURG,METRO 8,LA TOUR MAUBOURG
LAUMIERE,METRO 5,LAUMIERE
LAVARENNECHENNEVIERES,RER A,LA VARENNE-CHENNEVIERES
LAVERRIERE,TRAIN N,LA VERRIERE
LAVERRIERE,TRAIN U,LA VERRIERE
LEBOURGET,RER B,LE BOURGET
LEBOURGET,TRAM 11,LE BOURGET
LEBRASDEFER,RER D,LE BRAS-DE-FER
LEDRUROLLIN,METRO 8,LEDRU-ROLLIN
LEGUICHET,RER B,LE GUICHET
LEKREMLINBICETRE,METRO 7,LE KREMLIN-BICETRE
LEMEE,RER D,LE MEE
LEPARCDESAINTMAUR,RER A,LE PARC-DE-SAINT-MAUR
LEPELETIER,METRO 7,LE PELETIER
LEPERRAY,TRAIN N,LE PERRAY
LEPLESSISCHENET,RER D,LE PLESSIS-CHENET
LERAINCYVILLEMOMBLEMONTFERMEIL,RER E,LE RAINCY-VILLEMOMBLE-MONTFERMEIL
LESAGNETTES,METRO 13,LES AGNETTES
LESAGNETTESASNIERESGENNEVILLIERS,METRO 13,LES AGNETTES-ASNIERES-GENNEVILLIERS
LESARDOINES,RER C,LES ARDOINES
LESBACONNETS,RER B,LES BACONNETS
LESBOULLEREAUXCHAMPIGNY,RER E,LES BOULLEREAUX-CHAMPIGNY
LESCLAIRIERESDEVERNEUIL,TRAIN J,LES CLAIRIERES-DE-VERNEUIL
LESCOQUETIERS,TRAM 4,LES COQUETIERS
LESCOURTILLES,METRO 13,LES COURTILLES
LESCOURTILLES,TRAM 1,LES COURTILLES
LESESSARTSLEROI,TRAIN N,LES-ESSARTS-LE-ROI
LESGOBELINS,METRO 7,LES GOBELINS
LESGRESILLONS,RER C,LES GRESILLONS
LESHALLES,METRO 4,LES HALLES
LESMUREAUX,TRAIN J,LES MUREAUX
LESNOUES,RER D,LES NOUES
LESPAVILLONSSOUSBOIS,TRAM 4,LES PAVILLONS-SOUS-BOIS
LESSABLONS,METRO 1,LES SABLONS (JARDIN D'ACCLIMATATION)
LESSAULES,RER C,LES SAULES
LESSAULES,TRAM 9,LES SAULES
LESTADE,TRAIN J,LE STADE
LESVALLEES,TRAIN L,LES VALLEES
LESYVRISNOISYLEGRAND,RER E,LES YVRIS-NOISY-LE-GRAND
LEVALD'OR,TRAIN L,LE VAL-D'OR
LEVERTDEMAISONS,RER D,LE VERT-DE-MAISONS
LEVESINETCENTRE,RER A,LE VESINET-CENTRE
LEVESINETLEPECQ,RER A,LE VESINET-LE PECQ
LIBERTE,METRO 8,LIBERTE
LIEGE,METRO 13,LIEGE
LIEUSAINTMOISSY,RER D,LIEUSAINT-MOISSY
LIMAY,TRAIN J,LIMAY
LIVRYSURSEINE,TRAIN R,LIVRY-SUR-SEINE
LIZYSUROURCQ,TRAIN P,LIZY-SUR-OURCQ
LOGNES,RER A,LOGNES
LONGJUMEAU,TRAM 12,LONGJUMEAU
LONGUEVILLE,TRAIN P,LONGUEVILLE
LOUISBLANC,METRO 7,LOUIS BLANC
LOUISBLANC,METRO 7bis,LOUIS BLANC
LOUISEMICHEL,METRO 3,LOUISE MICHEL
LOURMEL,METRO 8,LOURMEL
LOUVECIENNES,TRAIN L,LOUVECIENNES
LOUVRERIVOLI,METRO 1,LOUVRE-RIVOLI
LOUVRES,RER D,LOUVRES
LOZERE,RER B,LOZERE
LUXEMBOURG,RER B,LUXEMBOURG
LUZARCHES,TRAIN H,LUZARCHES
LYCEEHENRISELLIER,TRAM 4,LYCEE HENRI SELLIER
M.MONTROUGE,METRO 4,M. MONTROUGE
MABILLON,METRO 10,MABILLON
MADELEINE,METRO 12,MADELEINE
MADELEINE,METRO 14,MADELEINE
MADELEINE,METRO 8,MADELEINE
MAGENTA,RER E,MAGENTA
MAIRIED'ISSY,METRO 12,MAIRIE D'ISSY
MAIRIED'IVRY,METRO 7,MAIRIE D'IVRY
MAIRIEDECLICHY,METRO 13,MAIRIE DE CLICHY
MAIRIEDEMONTREUIL,METRO 9,MAIRIE DE MONTREUIL
MAIRIEDESAINTOUEN,METRO 13,MAIRIE DE SAINT-OUEN
MAIRIEDESAINTOUEN,METRO 14,MAIRIE DE SAINT-OUEN
MAIRIEDESLILAS,METRO 11,MAIRIE DES LILAS
MAISONBLANCHE,METRO 14,MAISON BLANCHE
MAISONBLANCHE,METRO 7,MAISON BLANCHE
MAISONSALFORTALFORTVILLE,RER D,MAISONS-ALFORT-ALFORTVILLE
MAISONSALFORTLESJUILLIOTTES,METRO 8,MAISONS-ALFORT-LES JUILLIOTTES
MAISONSALFORTSTADE,METRO 8,MAISONS-ALFORT-STADE
MAISONSLAFFITTE,RER A,MAISONS-LAFFITTE
MAISONSLAFFITTE,TRAIN L,MAISONS-LAFFITTE
MAISSE,RER D,MAISSE
MALAKOFFPLATEAUDEVANVES,METRO 13,MALAKOFF-PLATEAU DE VANVES
MALAKOFFRUEETIENNEDOLET,METRO 13,MALAKOFF-RUE ETIENNE DOLET
MALESHERBES,METRO 3,MALESHERBES
MALESHERBES,RER D,MALESHERBES
MANTESLAJOLIE,TRAIN J,MANTES-LA-JOLIE
MANTESLAJOLIE,TRAIN N,MANTES-LA-JOLIE
MANTESSTATION,TRAIN J,MANTES-STATION
MARAICHERS,METRO 9,MARAICHERS
MARCADETPOISSONNIERS,METRO 12,MARCADET-POISSONNIERS
MARCADETPOISSONNIERS,METRO 4,MARCADET-POISSONNIERS
MARCELSEMBAT,METRO 9,MARCEL SEMBAT
MAREILMARLY,TRAM 13,MAREIL-MARLY
MAREILSURMAULDRE,TRAIN N,MAREIL-SUR-MAULDRE
MARLESENBRIE,TRAIN P,MARLES-EN-BRIE
MARLYLEROI,TRAIN L,MARLY-LE-ROI
MAROLLESENHUREPOIX,RER C,MAROLLES-EN-HUREPOIX
MARXDORMOY,METRO 12,MARX DORMOY
MASSYPALAISEAU,RER B,MASSY-PALAISEAU
MASSYPALAISEAU,RER C,MASSY-PALAISEAU
MASSYPALAISEAU,TRAIN V,MASSY-PALAISEAU
MASSYPALAISEAU,TRAM 12,MASSY-PALAISEAU
MASSYVERRIERES,RER B,MASSY-VERRIERES
MASSYVERRIERES,RER C,MASSY-VERRIERES
MAUBERTMUTUALITE,METRO 10,MAUBERT-MUTUALITE
MAULE,TRAIN N,MAULE
MAURECOURT,TRAIN J,MAURECOURT
MEAUX,TRAIN P,MEAUX
MELUN,RER D,MELUN
MELUN,TRAIN R,MELUN
MENILMONTANT,METRO 2,MENILMONTANT
MENNECY,RER D,MENNECY
MERIEL,TRAIN H,MERIEL
MERYSUROISE,TRAIN H,MERY SUR OISE
MERYVALD'OISE,TRAIN H,MERY-VAL D'OISE
MEUDON,TRAIN N,MEUDON
MEUDONVALFLEURY,RER C,MEUDON-VAL-FLEURY
MEULANHARDRICOURT,TRAIN J,MEULAN-HARDRICOURT
MICHELANGEAUTEUIL,METRO 10,MICHEL-ANGE-AUTEUIL
MICHELANGEAUTEUIL,METRO 9,MICHEL-ANGE-AUTEUIL
MICHELANGEMOLITOR,METRO 10,MICHEL-ANGE-MOLITOR
MICHELANGEMOLITOR,METRO 9,MICHEL-ANGE-MOLITOR
MICHELBIZOT,METRO 8,MICHEL BIZOT
MIRABEAU,METRO 10,MIRABEAU
MIROMESNIL,METRO 13,MIROMESNIL
MIROMESNIL,METRO 9,MIROMESNIL
MITRYCLAYE,RER B,MITRY-CLAYE
MITRYCLAYE,TRAIN K,MITRY-CLAYE
MONCEAU,METRO 2,MONCEAU
MONNERVILLE,TER,MONNERVILLE
MONTEREAU,TRAIN R,MONTEREAU
MONTFORTL'AMAURYMERE,TRAIN N,MONTFORT-L'AMAURY-MERE
MONTGALLET,METRO 8,MONTGALLET
MONTGERONCROSNE,RER D,MONTGERON-CROSNE
MONTGEROULTCOURCELLES,TRAIN J,MONTGEROULT-COURCELLES
MONTIGNYBEAUCHAMP,RER C,MONTIGNY-BEAUCHAMP
MONTIGNYBEAUCHAMP,TRAIN H,MONTIGNY-BEAUCHAMP
MONTIGNYSURLOING,TRAIN R,MONTIGNY-SUR-LOING
MONTPARNASSE,METRO 12,MONTPARNASSE
MONTPARNASSE,METRO 13,MONTPARNASSE
MONTPARNASSE,METRO 4,MONTPARNASSE
MONTPARNASSE,METRO 6,MONTPARNASSE
MONTPARNASSE,TRAIN N,MONTPARNASSE
MONTREUIL,TRAIN L,MONTREUIL
MONTRYCONDE,TRAM 14,MONTRY-CONDE
MONTSOULTMAFFLIERS,TRAIN H,MONTSOULT-MAFFLIERS
MORETVENEUXLESSABLONS,TRAIN R,MORET-VENEUX-LES-SABLONS
MORMANT,TRAIN P,MORMANT
MORTCERF,TRAIN P,MORTCERF
MOULINGALANT,RER D,MOULIN-GALANT
MOUROUX,TRAIN P,MOUROUX
MOUTONDUVERNET,METRO 4,MOUTON-DUVERNET
MUSEED'ORSAY,RER C,MUSEE D'ORSAY
NANGIS,TRAIN P,NANGIS
NANTERREPREFECTURE,RER A,NANTERRE-PREFECTURE
NANTERREUNIVERSITE,RER A,NANTERRE-UNIVERSITE
NANTERREUNIVERSITE,TRAIN L,NANTERRE-UNIVERSITE
NANTERREVILLE,RER A,NANTERRE-VILLE
NANTEUILSAACY,TRAIN P,NANTEUIL-SAACY
NATION,METRO 1,NATION
NATION,METRO 2,NATION
NATION,METRO 6,NATION
NATION,METRO 9,NATION
NATION,RER A,NATION
NATIONALE,METRO 6,NATIONALE
NEMOURSSAINTPIERRE,TRAIN R,NEMOURS-SAINT-PIERRE
NEUILLYPLAISANCE,RER A,NEUILLY-PLAISANCE
NEUVILLEUNIVERSITE,RER A,NEUVILLE UNIVERSITE
NEUVILLEUNIVERSITE,TRAIN L,NEUVILLE UNIVERSITE
NEZELAULNAY,TRAIN N,NEZEL-AULNAY
NOGENTLEPERREUX,RER E,NOGENT-LE-PERREUX
NOGENTSURMARNE,RER A,NOGENT-SUR-MARNE
NOINTELMOURS,TRAIN H,NOINTEL-MOURS
NOISIEL,RER A,NOISIEL
NOISYCHAMPS,RER A,NOISY-CHAMPS
NOISYLEGRANDMONTD'EST,RER A,NOISY-LE-GRAND-MONT D'EST
NOISYLEROI,TRAM 13,NOISY-LE-ROI
NOISYLESEC,RER E,NOISY-LE-SEC
NOISYLESEC,TRAM 1,NOISY-LE-SEC
NOTREDAMEDELORETTE,METRO 12,NOTRE-DAME-DE-LORETTE
NOTREDAMEDESCHAMPS,METRO 12,NOTRE-DAME-DES-CHAMPS
OBERKAMPF,METRO 5,OBERKAMPF
OBERKAMPF,METRO 9,OBERKAMPF
ODEON,METRO 10,ODEON
ODEON,METRO 4,ODEON
OLYMPIADES,METRO 14,OLYMPIADES
OPERA,METRO 3,OPERA
OPERA,METRO 7,OPERA
OPERA,METRO 8,OPERA
ORANGISBOISDEL'EPINE,RER D,ORANGIS-BOIS DE L'EPINE
ORGERUSBEHOUST,TRAIN N,ORGERUS-BEHOUST
ORLYVILLE,RER C,ORLY VILLE
ORSAYVILLE,RER B,ORSAY-VILLE
OSNY,TRAIN J,OSNY
OURCQ,METRO 5,OURCQ
OZOIRLAFERRIERE,RER E,OZOIR-LA-FERRIERE
PALAISEAU,RER B,PALAISEAU
PALAISEAUVILLEBON,RER B,PALAISEAU-VILLEBON
PALAISROYALMUSEEDULOUVRE,METRO 1,PALAIS ROYAL-MUSEE DU LOUVRE
PALAISROYALMUSEEDULOUVRE,METRO 7,PALAIS ROYAL-MUSEE DU LOUVRE
PANTIN,RER E,PANTIN
PARCDESCEAUX,RER B,PARC-DE-SCEAUX
PARCDESEXPOSITIONS,RER B,PARC DES EXPOSITIONS
PARMENTIER,METRO 3,PARMENTIER
PASSY,METRO 6,PASSY
PASTEUR,METRO 12,PASTEUR
PASTEUR,METRO 6,PASTEUR
PELLEPORT,METRO 3bis,PELLEPORT
PEREIRE,METRO 3,PEREIRE
PEREIRE,RER C,PEREIRE
PEREIRELEVALLOIS,METRO 3,PEREIRE-LEVALLOIS
PEREIRELEVALLOIS,RER C,PEREIRE-LEVALLOIS
PERELACHAISE,METRO 2,PERE LACHAISE
PERELACHAISE,METRO 3,PERE LACHAISE
PERNETY,METRO 13,PERNETY
PERSANBEAUMONT,TRAIN H,PERSAN-BEAUMONT
PETITJOUYLESLOGES,TRAIN V,PETIT-JOUY-LES-LOGES
PETITVAUX,TRAM 12,PETIT-VAUX
PHILIPPEAUGUSTE,METRO 2,PHILIPPE AUGUSTE
PICPUS,METRO 6,PICPUS
PIERRECURIE,METRO 7,PIERRE CURIE
PIERREFITTESTAINS,RER D,PIERREFITTE-STAINS
PIERREFITTESTAINS,TRAM 11,PIERREFITTE-STAINS
PIERRELAYE,RER C,PIERRELAYE
PIERRELAYE,TRAIN H,PIERRELAYE
PIGALLE,METRO 12,PIGALLE
PIGALLE,METRO 2,PIGALLE
PLACED'ITALIE,METRO 5,PLACE D'ITALIE
PLACED'ITALIE,METRO 6,PLACE D'ITALIE
PLACED'ITALIE,METRO 7,PLACE D'ITALIE
PLACEDECLICHY,METRO 13,PLACE DE CLICHY
PLACEDECLICHY,METRO 2,PLACE DE CLICHY
PLACEDESFETES,METRO 11,PLACE DES FETES
PLACEDESFETES,METRO 7bis,PLACE DES FETES
PLACEMONGE,METRO 7,PLACE MONGE (JARDIN DES PLANTES)
PLAISANCE,METRO 13,PLAISANCE
PLAISIRGRIGNON,TRAIN N,PLAISIR-GRIGNON
PLAISIRLESCLAYES,TRAIN N,PLAISIR-LES-CLAYES
POISSONNIERE,METRO 7,POISSONNIERE
POISSY,RER A,POISSY
POISSY,TRAIN J,POISSY
PONTCARDINET,METRO 14,PONT-CARDINET
PONTCARDINET,TRAIN L,PONT-CARDINET
PONTDEL'ALMA,RER C,PONT DE L'ALMA
PONTDELEVALLOISBECON,METRO 3,PONT DE LEVALLOIS-BECON
PONTDENEUILLY,METRO 1,PONT DE NEUILLY (AVENUE DE MADRID)
PONTDERUNGIS,RER C,PONT DE RUNGIS
PONTDESEVRES,METRO 9,PONT DE SEVRES
PONTHIERRYPRINGY,RER D,PONTHIERRY-PRINGY
PONTMARIE,METRO 7,PONT-MARIE (CITE DES ARTS)
PONTNEUF,METRO 7,PONT-NEUF (LA MONNAIE)
PONTOISE,RER C,PONTOISE
PONTOISE,TRAIN H,PONTOISE
PONTOISE,TRAIN J,PONTOISE
PONTPETIT,TRAIN H,PONT-PETIT
PORCHEFONTAINE,RER C,PORCHEFONTAINE
PORTED'AUTEUIL,METRO 10,PORTE D'AUTEUIL
PORTED'ITALIE,METRO 7,PORTE D'ITALIE
PORTED'ITALIE,TRAM 3a,PORTE D'ITALIE
PORTED'IVRY,METRO 7,PORTE D'IVRY
PORTED'IVRY,TRAM 3a,PORTE D'IVRY
PORTED'ORLEANS,METRO 4,PORTE D'ORLEANS
PORTED'ORLEANS,TRAM 3a,PORTE D'ORLEANS
PORTEDAUPHINE,METRO 2,PORTE DAUPHINE
PORTEDEBAGNOLET,METRO 3,PORTE DE BAGNOLET
PORTEDEBAGNOLET,TRAM 3b,PORTE DE BAGNOLET
PORTEDECHAMPERRET,METRO 3,PORTE DE CHAMPERRET
PORTEDECHAMPERRET,TRAM 3b,PORTE DE CHAMPERRET
PORTEDECHARENTON,METRO 8,PORTE DE CHARENTON
PORTEDECHARENTON,TRAM 3a,PORTE DE CHARENTON
PORTEDECHOISY,METRO 7,PORTE DE CHOISY
PORTEDECHOISY,TRAM 3a,PORTE DE CHOISY
PORTEDECHOISY,TRAM 9,PORTE DE CHOISY
PORTEDECLICHY,METRO 13,PORTE DE CLICHY
PORTEDECLICHY,METRO 14,PORTE DE CLICHY
PORTEDECLICHY,RER C,PORTE DE CLICHY
PORTEDECLICHY,TRAM 3b,PORTE DE CLICHY
PORTEDECLIGNANCOURT,METRO 4,PORTE DE CLIGNANCOURT
PORTEDECLIGNANCOURT,TRAM 3b,PORTE DE CLIGNANCOURT
PORTEDELACHAPELLE,METRO 12,PORTE DE LA CHAPELLE
PORTEDELACHAPELLE,TRAM 3b,PORTE DE LA CHAPELLE
PORTEDELAVILLETTE,METRO 7,PORTE DE LA VILLETTE
PORTEDELAVILLETTE,TRAM 3b,PORTE DE LA VILLETTE
PORTEDEMONTREUIL,METRO 9,PORTE DE MONTREUIL
PORTEDEMONTREUIL,TRAM 3b,PORTE DE MONTREUIL
PORTEDEPANTIN,METRO 5,PORTE DE PANTIN
PORTEDEPANTIN,TRAM 3b,PORTE DE PANTIN
PORTEDESAINTCLOUD,METRO 9,PORTE DE SAINT-CLOUD
PORTEDESAINTOUEN,METRO 13,PORTE DE SAINT-OUEN
PORTEDESAINTOUEN,TRAM 3b,PORTE DE SAINT-OUEN
PORTEDESLILAS,METRO 11,PORTE DES LILAS
PORTEDESLILAS,METRO 3bis,PORTE DES LILAS
PORTEDESLILAS,TRAM 3b,PORTE DES LILAS
PORTEDEVANVES,METRO 13,PORTE DE VANVES
PORTEDEVANVES,TRAM 3a,PORTE DE VANVES
PORTEDEVERSAILLES,METRO 12,PORTE DE VERSAILLES
PORTEDEVERSAILLES,TRAM 3a,PORTE DE VERSAILLES
PORTEDEVINCENNES,METRO 1,PORTE DE VINCENNES
PORTEDEVINCENNES,TRAM 3a,PORTE DE VINCENNES
PORTEDEVINCENNES,TRAM 3b,PORTE DE VINCENNES
PORTEDOREE,METRO 8,PORTE DOREE
PORTEDOREE,TRAM 3a,PORTE DOREE
PORTEMAILLOT,METRO 1,PORTE MAILLOT
PORTEMAILLOT,RER C,PORTE MAILLOT
PORTEMAILLOT,RER E,PORTE MAILLOT
PORTEMAILLOT,TRAM 3b,PORTE MAILLOT
PORTROYAL,RER B,PORT ROYAL
PRESAINTGERVAIS,METRO 7bis,PRE SAINT-GERVAIS
PRESLESCOURCELLES,TRAIN H,PRESLES-COURCELLES
PROVINS,TRAIN P,PROVINS
PUTEAUX,TRAIN L,PUTEAUX
PUTEAUX,TRAIN U,PUTEAUX
PUTEAUX,TRAM 2,PUTEAUX
PYRAMIDES,METRO 14,PYRAMIDES
PYRAMIDES,METRO 7,PYRAMIDES
PYRENEES,METRO 11,PYRENEES
QUAIDELAGARE,METRO 6,QUAI DE LA GARE
QUAIDELARAPEE,METRO 5,QUAI DE LA RAPEE
QUATRESEPTEMBRE,METRO 3,QUATRE SEPTEMBRE
RAMBOUILLET,TRAIN N,RAMBOUILLET
RAMBUTEAU,METRO 11,RAMBUTEAU
RANELAGH,METRO 9,RANELAGH
RASPAIL,METRO 4,RASPAIL
RASPAIL,METRO 6,RASPAIL
REAUMURSEBASTOPOL,METRO 3,REAUMUR-SEBASTOPOL
REAUMURSEBASTOPOL,METRO 4,REAUMUR-SEBASTOPOL
RENNES,METRO 12,RENNES
REPUBLIQUE,METRO 11,REPUBLIQUE
REPUBLIQUE,METRO 3,REPUBLIQUE
REPUBLIQUE,METRO 5,REPUBLIQUE
REPUBLIQUE,METRO 8,REPUBLIQUE
REPUBLIQUE,METRO 9,REPUBLIQUE
REUILLYDIDEROT,METRO 1,REUILLY-DIDEROT
REUILLYDIDEROT,METRO 8,REUILLY-DIDEROT
RICHARDLENOIR,METRO 5,RICHARD LENOIR
RICHELIEUDROUOT,METRO 8,RICHELIEU-DROUOT
RICHELIEUDROUOT,METRO 9,RICHELIEU-DROUOT
RIQUET,METRO 7,RIQUET
RISORANGIS,RER D,RIS-ORANGIS
ROBESPIERRE,METRO 9,ROBESPIERRE
ROBINSON,RER B,ROBINSON
ROISSYENBRIE,RER E,ROISSY-EN-BRIE
ROME,METRO 2,ROME
ROSAPARKS,RER E,ROSA PARKS
ROSAPARKS,TRAM 3b,ROSA PARKS
ROSNYBOISPERRIER,METRO 11,ROSNY-BOIS-PERRIER
ROSNYBOISPERRIER,RER E,ROSNY-BOIS-PERRIER
ROSNYSOUSBOIS,RER E,ROSNY-SOUS-BOIS
ROSNYSURSEINE,TRAIN J,ROSNY-SUR-SEINE
ROUGEMONTCHANTELOUP,TRAM 4,ROUGEMONT-CHANTELOUP
RUEDELAPOMPE,METRO 9,RUE DE LA POMPE (AVENUE GEORGES MANDEL)
RUEDESBOULETS,METRO 9,RUE DES BOULETS
RUEDUBAC,METRO 12,RUE DU BAC
RUEILMALMAISON,RER A,RUEIL-MALMAISON
SAINTAMBROISE,METRO 9,SAINT-AMBROISE
SAINTAUGUSTIN,METRO 9,SAINT-AUGUSTIN
SAINTCHERON,RER C,SAINT-CHERON
SAINTCLOUD,TRAIN L,SAINT-CLOUD
SAINTCLOUD,TRAIN U,SAINT-CLOUD
SAINTCYR,RER C,SAINT-CYR
SAINTCYR,TRAIN N,SAINT-CYR
SAINTCYR,TRAIN U,SAINT-CYR
SAINTCYR,TRAM 13,SAINT-CYR
SAINTDENIS,RER D,SAINT-DENIS
SAINTDENIS,TRAIN H,SAINT-DENIS
SAINTDENIS,TRAM 1,SAINT-DENIS
SAINTDENIS,TRAM 8,SAINT-DENIS
SAINTDENISPORTEDEPARIS,METRO 13,SAINT-DENIS-PORTE DE PARIS
SAINTDENISPORTEDEPARIS,TRAM 8,SAINT-DENIS-PORTE DE PARIS
SAINTDENISUNIVERSITE,METRO 13,SAINT-DENIS-UNIVERSITE
SAINTECOLOMBESEPTVEILLES,TRAIN P,SAINTE-COLOMBE-SEPTVEILLES
SAINTEGENEVIEVEDESBOIS,RER C,SAINTE-GENEVIEVE-DES-BOIS
SAINTFARGEAU,METRO 3bis,SAINT-FARGEAU
SAINTFARGEAU,RER D,SAINT-FARGEAU
SAINTFRANCOISXAVIER,METRO 13,SAINT-FRANCOIS-XAVIER
SAINTGEORGES,METRO 12,SAINT-GEORGES
SAINTGERMAINBELAIRFOURQUEUX,TRAM 13,SAINT-GERMAIN-BEL-AIR-FOURQUEUX
SAINTGERMAINDESPRES,METRO 4,SAINT-GERMAIN-DES-PRES
SAINTGERMAINENLAYE,RER A,SAINT-GERMAIN-EN-LAYE
SAINTGERMAINENLAYE,TRAM 13,SAINT-GERMAIN-EN-LAYE
SAINTGRATIEN,RER C,SAINT-GRATIEN
SAINTJACQUES,METRO 6,SAINT-JACQUES
SAINTLAZARE,METRO 12,SAINT-LAZARE
SAINTLAZARE,METRO 13,SAINT-LAZARE
SAINTLAZARE,METRO 14,SAINT-LAZARE
SAINTLAZARE,METRO 3,SAINT-LAZARE
SAINTLAZARE,RER E,SAINT-LAZARE
SAINTLAZARE,TRAIN J,SAINT-LAZARE
SAINTLAZARE,TRAIN L,SAINT-LAZARE
SAINTLEULAFORET,TRAIN H,SAINT-LEU-LA-FORET
SAINTMAMMES,TRAIN R,SAINT-MAMMES
SAINTMANDETOURELLE,METRO 1,SAINT-MANDE-TOURELLE
SAINTMARCEL,METRO 5,SAINT-MARCEL
SAINTMARTIND'ETAMPES,RER C,SAINT-MARTIN-D'ETAMPES
SAINTMAUR,METRO 3,SAINT-MAUR
SAINTMAURCRETEIL,RER A,SAINT-MAUR-CRETEIL
SAINTMICHEL,METRO 4,SAINT-MICHEL
SAINTMICHEL,RER B,SAINT-MICHEL
SAINTMICHEL,RER C,SAINT-MICHEL
SAINTMICHELNOTREDAME,METRO 10,SAINT-MICHEL NOTRE DAME
SAINTMICHELNOTREDAME,METRO 4,SAINT-MICHEL NOTRE DAME
SAINTMICHELNOTREDAME,RER B,SAINT-MICHEL NOTRE DAME
SAINTMICHELNOTREDAME,RER C,SAINT-MICHEL NOTRE DAME
SAINTMICHELSURORGE,RER C,SAINT-MICHEL-SUR-ORGE
SAINTNOMLABRETECHEFORETDEMARLY,TRAIN L,SAINT-NOM-LA-BRETECHE-FORET-DE-MARLY
SAINTNOMLABRETECHEFORETDEMARLY,TRAM 13,SAINT-NOM-LA-BRETECHE-FORET-DE-MARLY
SAINTOUEN,METRO 14,SAINT-OUEN
SAINTOUEN,RER C,SAINT-OUEN
SAINTOUENL'AUMONE,RER C,SAINT-OUEN-L'AUMONE
SAINTOUENL'AUMONE,TRAIN H,SAINT-OUEN-L'AUMONE
SAINTOUENL'AUMONELIESSE,RER C,SAINT-OUEN-L'AUMONE-LIESSE
SAINTOUENL'AUMONELIESSE,TRAIN H,SAINT-OUEN-L'AUMONE-LIESSE
SAINTOUENL'AUMONEQUARTIERDEL'EGLISE,TRAIN J,SAINT-OUEN-L'AUMONE-QUARTIER DE L'EGLISE
SAINTPAUL,METRO 1,SAINT-PAUL (LE MARAIS)
SAINTPHILIPPEDUROULE,METRO 9,SAINT-PHILIPPE-DU-ROULE
SAINTPLACIDE,METRO 4,SAINT-PLACIDE
SAINTQUENTINENYVELINES,RER C,SAINT-QUENTIN-EN-YVELINES
SAINTQUENTINENYVELINES,TRAIN N,SAINT-QUENTIN-EN-YVELINES
SAINTQUENTINENYVELINES,TRAIN U,SAINT-QUENTIN-EN-YVELINES
SAINTREMYLESCHEVREUSE,RER B,SAINT-REMY-LES-CHEVREUSE
SAINTSEBASTIENFROISSART,METRO 8,SAINT-SEBASTIEN FROISSART
SAINTSULPICE,METRO 4,SAINT-SULPICE
SANNOIS,TRAIN J,SANNOIS
SANTEUILLEPERCHAY,TRAIN J,SANTEUIL-LE-PERCHAY
SARCELLESSAINTBRICE,TRAIN H,SARCELLES-SAINT-BRICE
SARTROUVILLE,RER A,SARTROUVILLE
SARTROUVILLE,TRAIN L,SARTROUVILLE
SAVIGNYLETEMPLENANDY,RER D,SAVIGNY-LE-TEMPLE-NANDY
SAVIGNYSURORGE,RER C,SAVIGNY-SUR-ORGE
SCEAUX,RER B,SCEAUX
SEGUR,METRO 10,SEGUR
SENTIER,METRO 3,SENTIER
SERMAISE,RER C,SERMAISE
SEUGY,TRAIN H,SEUGY
SEVRANBEAUDOTTES,RER B,SEVRAN-BEAUDOTTES
SEVRANLIVRY,RER B,SEVRAN-LIVRY
SEVRESBABYLONE,METRO 10,SEVRES-BABYLONE
SEVRESBABYLONE,METRO 12,SEVRES-BABYLONE
SEVRESLECOURBE,METRO 6,SEVRES-LECOURBE
SEVRESRIVEGAUCHE,TRAIN N,SEVRES RIVE GAUCHE
SEVRESVILLED'AVRAY,TRAIN L,SEVRES-VILLE-D'AVRAY
SEVRESVILLED'AVRAY,TRAIN U,SEVRES-VILLE-D'AVRAY
SIMPLON,METRO 4,SIMPLON
SOLFERINO,METRO 12,SOLFERINO
SOUPPES,TRAIN R,SOUPPES
STADEDEFRANCESAINTDENIS,RER D,STADE DE FRANCE-SAINT-DENIS
STALINGRAD,METRO 2,STALINGRAD
STALINGRAD,METRO 5,STALINGRAD
STALINGRAD,METRO 7,STALINGRAD
STRASBOURGSAINTDENIS,METRO 4,STRASBOURG-SAINT-DENIS
STRASBOURGSAINTDENIS,METRO 8,STRASBOURG-SAINT-DENIS
STRASBOURGSAINTDENIS,METRO 9,STRASBOURG-SAINT-DENIS
SUCYBONNEUIL,RER A,SUCY-BONNEUIL
SULLYMORLAND,METRO 7,SULLY-MORLAND
SURESNESMONTVALERIEN,TRAIN L,SURESNES-MONT VALERIEN
SURESNESMONTVALERIEN,TRAIN U,SURESNES-MONT VALERIEN
SURVILLIERSFOSSES,RER D,SURVILLIERS-FOSSES
TACOIGNIERESRICHEBOURG,TRAIN N,TACOIGNIERES-RICHEBOURG
TAVERNY,TRAIN H,TAVERNY
TELEGRAPHE,METRO 11,TELEGRAPHE
TEMPLE,METRO 3,TEMPLE
TERNES,METRO 2,TERNES
THIEUXNANTOUILLET,TRAIN K,THIEUX-NANTOUILLET
THOMERY,TRAIN R,THOMERY
THUNLEPARADIS,TRAIN J,THUN-LE-PARADIS
TOLBIAC,METRO 7,TOLBIAC
TORCY,RER A,TORCY
TOURNAN,RER E,TOURNAN
TOURNAN,TRAIN P,TOURNAN
TRAPPES,TRAIN N,TRAPPES
TRAPPES,TRAIN U,TRAPPES
TRIELSURSEINE,TRAIN J,TRIEL-SUR-SEINE
TRILPORT,TRAIN P,TRILPORT
TRINITED'ESTIENNED'ORVES,METRO 12,TRINITE-D'ESTIENNE D'ORVES
TROCADERO,METRO 6,TROCADERO
TROCADERO,METRO 9,TROCADERO
TUILERIES,METRO 1,TUILERIES
US,TRAIN J,US
VAIRESTORCY,TRAIN P,VAIRES-TORCY
VALD'ARGENTEUIL,TRAIN J,VAL-D'ARGENTEUIL
VALD'EUROPE,RER A,VAL-D'EUROPE
VALDEFONTENAY,RER A,VAL-DE-FONTENAY
VALDEFONTENAY,RER E,VAL-DE-FONTENAY
VALMONDOIS,TRAIN H,VALMONDOIS
VANEAU,METRO 10,VANEAU
VANVESMALAKOFF,TRAIN N,VANVES-MALAKOFF
VARENNE,METRO 13,VARENNE
VAUBOYEN,TRAIN V,VAUBOYEN
VAUCELLES,TRAIN H,VAUCELLES
VAUCRESSON,TRAIN L,VAUCRESSON
VAUGIRARD,METRO 12,VAUGIRARD (ADOLPHE CHERIOU)
VAUXSURSEINE,TRAIN J,VAUX-SUR-SEINE
VAVIN,METRO 4,VAVIN
VERNEUILL'ETANG,TRAIN P,VERNEUIL-L'ETANG
VERNOUILLETVERNEUIL,TRAIN J,VERNOUILLET-VERNEUIL
VERNOUSURSEINE,TRAIN R,VERNOU-SUR-SEINE
VERSAILLESCHANTIERS,RER C,VERSAILLES-CHANTIERS
VERSAILLESCHANTIERS,TRAIN N,VERSAILLES-CHANTIERS
VERSAILLESCHANTIERS,TRAIN U,VERSAILLES-CHANTIERS
VERSAILLESCHANTIERS,TRAIN V,VERSAILLES-CHANTIERS
VERSAILLESCHATEAU,RER C,VERSAILLES CHATEAU
VERSAILLESRIVEDROITE,TRAIN L,VERSAILLES RIVE DROITE
VERTGALANT,RER B,VERT-GALANT
VIARMES,TRAIN H,VIARMES
VICTORHUGO,METRO 2,VICTOR HUGO
VIGNEUXSURSEINE,RER D,VIGNEUX-SUR-SEINE
VILLABE,RER D,VILLABE
VILLAINES,TRAIN H,VILLAINES
VILLEJUIFLEOLAGRANGE,METRO 7,VILLEJUIF-LEO LAGRANGE
VILLEJUIFLOUISARAGON,METRO 7,VILLEJUIF-LOUIS ARAGON
VILLEJUIFLOUISARAGON,TRAM 7,VILLEJUIF-LOUIS ARAGON
VILLEJUIFPAULVAILLANTCOUTURIER,METRO 7,VILLEJUIF-PAUL VAILLANT-COUTURIER
VILLENEUVELEROI,RER C,VILLENEUVE-LE-ROI
VILLENEUVESAINTGEORGES,RER D,VILLENEUVE-SAINT-GEORGES
VILLENEUVETRIAGE,RER D,VILLENEUVE-TRIAGE
VILLENNESSURSEINE,TRAIN J,VILLENNES-SUR-SEINE
VILLEPARISISMITRYLENEUF,RER B,VILLEPARISIS-MITRY-LE-NEUF
VILLEPINTE,RER B,VILLEPINTE
VILLEPREUXLESCLAYES,TRAIN N,VILLEPREUX-LES-CLAYES
VILLIERS,METRO 2,VILLIERS
VILLIERS,METRO 3,VILLIERS
VILLIERSLEBELGONESSEARNOUVILLE,RER D,VILLIERS-LE-BEL-GONESSE-ARNOUVILLE
VILLIERSMONTBARBIN,TRAM 14,VILLIERS-MONTBARBIN
VILLIERSNEAUPHLEPONTCHARTRAIN,TRAIN N,VILLIERS-NEAUPHLE PONTCHARTRAIN
VILLIERSSURMARNEPLESSISTREVISE,RER E,VILLIERS-SUR-MARNE-PLESSIS-TREVISE
VINCENNES,RER A,VINCENNES
VIROFLAYRIVEDROITE,TRAIN L,VIROFLAY RIVE DROITE
VIROFLAYRIVEDROITE,TRAM 6,VIROFLAY RIVE DROITE
VIROFLAYRIVEGAUCHE,RER C,VIROFLAY RIVE GAUCHE
VIROFLAYRIVEGAUCHE,TRAIN N,VIROFLAY RIVE GAUCHE
VIROFLAYRIVEGAUCHE,TRAM 6,VIROFLAY RIVE GAUCHE
VIRYCHATILLON,RER D,VIRY-CHATILLON
VITRYSURSEINE,RER C,VITRY-SUR-SEINE
VOLONTAIRES,METRO 12,VOLONTAIRES
VOLTAIRE,METRO 9,VOLTAIRE (LEON BLUM)
VOSVES,RER D,VOSVES
VULAINESSURSEINESAMOREAU,TRAIN R,VULAINES-SUR-SEINE-SAMOREAU
WAGRAM,METRO 3,WAGRAM
YERRES,RER D,YERRES
